{
	"phirephiters": [
    {
      "name" : "Melissa E Hare",
      "git_username" : "Melissa-Elizabeth",
      "shoutout" : ""
    },
    {
      "name" : "Chad Sundberg",
      "git_username" : "chadsundberg",
      "shoutout" : "Celina!!  She taught me how to use two fingers to scroll in my open windows!  Oh, and I'd like to thank var taco!"
    },
    {
      "name" : "Christine Pogatchnik",
      "git_username" : "kikipogo",
      "shoutout" : "Everyone"
    },
    {
      "name" : "Thomas Johander",
      "git_username" : "lopan455",
      "shoutout" : "Yo! Thanks for that!"
    },
    {
      "name" : "Edmund Wippler",
      "git_username" : "edwippler",
      "shoutout" : ""
    },
    {
      "name" : "Jonny Holupchinski",
      "git_username" : "jonholup",
      "shoutout" : ""
    },
    {
      "name" : "Catherine Jarocki",
      "git_username" : "cjaro",
      "shoutout" : "Thank you to the internet of resources!"
    },
    {
      "name" : "Kris Jensen",
      "git_username" : "kristinejensen",
      "shoutout" : "Thank you to Luke, Kris, and Chris for being great instructors!"
    },
    {
      "name" : "Paul Dunkirk",
      "git_username" : "pauldunkirk",
      "shoutout" : "Phi peops rock!"
    },
    {
      "name" : "Celina",
      "git_username" : "celina",
      "shoutout" : "Peace out!"
    },
    {
      "name" : "Chris Stanton",
      "git_username" : "chris-stanton",
      "shoutout" : ""
    },
    {
      "name" : "Philip Curtis",
      "git_username" : "PCSailor",
      "shoutout" : "Thanks to Luke and Kris, and Chris, Scott, & Fred"
    },
    {
      "name" : "Sam Velie",
      "git_username" : "samvelie",
      "shoutout" : "Love y'all "
    },
    {
      "name" : "Paige Bystrom",
      "git_username" : "Radmint",
      "shoutout" : "Thanks to Phi cohort for being awesome, positive people! "
    },
    {
      "name" : "Jeremy Leif",
      "git_username" : "JL-golf14",
      "shoutout" : "break down the Phirewalls of doubt!!!"
    },
    {
      "name" : "Kris Szafranski",
      "git_username" : "kdszafranski",
      "shoutout" : "Thank you to Phi for your open, warm, and thoughtful speeches. You rekindle my faith in humanity!"
    },
    {
      "name" : "Luke Schlangen",
      "git_username" : "lukeschlangen",
      "shoutout" : "Huge thanks to everyone in Phi for sharing such personal and inspiring stories about change."
    }
  ]
}
